[{"model": "contenttypes.contenttype", "pk": 1, "fields": {"app_label": "admin", "model": "logentry"}}, {"model": "contenttypes.contenttype", "pk": 2, "fields": {"app_label": "auth", "model": "permission"}}, {"model": "contenttypes.contenttype", "pk": 3, "fields": {"app_label": "auth", "model": "group"}}, {"model": "contenttypes.contenttype", "pk": 4, "fields": {"app_label": "auth", "model": "user"}}, {"model": "contenttypes.contenttype", "pk": 5, "fields": {"app_label": "contenttypes", "model": "contenttype"}}, {"model": "contenttypes.contenttype", "pk": 6, "fields": {"app_label": "sessions", "model": "session"}}, {"model": "contenttypes.contenttype", "pk": 7, "fields": {"app_label": "products", "model": "aid"}}, {"model": "contenttypes.contenttype", "pk": 8, "fields": {"app_label": "checkout", "model": "order"}}, {"model": "contenttypes.contenttype", "pk": 9, "fields": {"app_label": "checkout", "model": "orderlineitem"}}, {"model": "contenttypes.contenttype", "pk": 10, "fields": {"app_label": "contact", "model": "contactus"}}, {"model": "contenttypes.contenttype", "pk": 11, "fields": {"app_label": "products", "model": "accessories"}}, {"model": "contenttypes.contenttype", "pk": 12, "fields": {"app_label": "accessories", "model": "accessories"}}, {"model": "contenttypes.contenttype", "pk": 13, "fields": {"app_label": "products", "model": "product"}}, {"model": "sessions.session", "pk": "on412gz7cn316epgv7xzlwfy0up9ci3o", "fields": {"session_data": "YmI3ODVhNTc1NDFmNDRkNTcxZDFkYzYzZDRhOTA3ZGY5YTY5YmVhODp7ImNhcnQiOnsiMiI6MX19", "expire_date": "2019-10-04T00:44:25.663Z"}}, {"model": "sessions.session", "pk": "y0xfphrri7xjfq1gyxfm2vtvrrjgie8s", "fields": {"session_data": "MDA4ZWU5MDQ2MTZhYjllNTVjZmU5MDc0NDAzYTgyZjQ2MWRlMmQyNzp7Il9hdXRoX3VzZXJfaWQiOiI2IiwiX2F1dGhfdXNlcl9iYWNrZW5kIjoiZGphbmdvLmNvbnRyaWIuYXV0aC5iYWNrZW5kcy5Nb2RlbEJhY2tlbmQiLCJfYXV0aF91c2VyX2hhc2giOiJkMDZlMWFlY2Y4M2I5ZWYzZmU0MjA1MjlmODcyYWU5Mzk4NjU3ZjRiIiwiY2FydCI6eyIxIjoxLCIyIjoxLCIzIjoxfX0=", "expire_date": "2019-10-07T19:37:29.370Z"}}, {"model": "products.aid", "pk": 1, "fields": {"brand": "Signia Pure Nx", "model_type": "Pure 312 7Nx", "description": "Signia's new breakthrough NX platform offers a number of intriguing audiological features for hearing aid wearers.", "price": "1299.00", "image": "images/signia-pure-nx-312__60101.1508700545.webp"}}, {"model": "products.aid", "pk": 2, "fields": {"brand": "Phonak Audeo", "model_type": "M-R Marvel", "description": "Phonak recently released the Phonak Marvel hearing aids, which boast their AutoSense 3.0.", "price": "1500.00", "image": "images/Phonak_Audeo_M-R_Marvel.jpg"}}, {"model": "products.aid", "pk": 3, "fields": {"brand": "ReSound LiNX 3D", "model_type": "LT61 RIC", "description": "ReSound's LiNX was one of the first smartphone compatible hearing aids on the market, designed specifically as a Made for iPhone aid.", "price": "1499.00", "image": "images/resound-linx-3d__61500.1497023282.jpg"}}, {"model": "products.aid", "pk": 4, "fields": {"brand": "Signia Silk NX", "model_type": "7Px", "description": "The superior sounds quality and wirleless technology found in Signia NX hearing aids is now available in the Silk instant-fit CIC from Signia!", "price": "1299.00", "image": "images/signia-silk__19818.1497996813.jpg"}}, {"model": "products.aid", "pk": 5, "fields": {"brand": "Signia Styletto", "model_type": "7Px", "description": "Looking for a hearing aid that doesn't look like a hearing aid? If so, you might want to consider the new Signia Styletto hearing aid.", "price": "1899.00", "image": "images/Signia_Styletto_Hearing_Aids_Granite_Color_1__28507.1535926792.jpg"}}, {"model": "products.aid", "pk": 6, "fields": {"brand": "Starkey Halo 2", "model_type": "13 RIC", "description": "The Starkey Halo 2 combines a sleek case within the Made for iPhone (MFI) Hearing Aid.  Allowing you to link to an iPhone, iPad, iPod or Apple watch.", "price": "1599.00", "image": "images/Halo_2_RIC__91541.1513978335.jpg"}}, {"model": "products.aid", "pk": 7, "fields": {"brand": "Unitron Moxi", "model_type": "Moxi Fit R Rechargeable\r\n\r\nPro", "description": "The newest platform from Unitron helps patients with their biggest challenges around conversations. Tempus technology delivers performance.", "price": "1699.00", "image": "images/moxi-fit-r__21024.1520370665.jpg"}}, {"model": "products.aid", "pk": 8, "fields": {"brand": "Widex Evoke", "model_type": "440", "description": "With new features and a stronger, faster processing platform, the Evoke hearing aids are sure to be a hit with hearing aid wearers.", "price": "1799.00", "image": "images/Widex_Evoke_hearing_aids__11753.1525190246.jpg"}}, {"model": "products.product", "pk": 1, "fields": {"brand": "Signia easyTek\u2122", "description": "The Signia easyTek essentially transforms your hearing aids into a stereo headset, allowing you to stream television, music and telephone calls into you hearing aid system. In addition, the easyTek give the user easy access to changing volume, listening programs and an on/off switch.", "price": "159.99", "image": "images/signia-easytek-buy-online_1__64477.1517374474_KQ5DcD8.png", "isAccessory": true}}, {"model": "products.product", "pk": 2, "fields": {"brand": "Signia TV Transmitter", "description": "The TV Transmitter* connects televisions without Bluetooth functionality to the Signia (formerly Siemens) easyTek. This way, you can wirelessly stream sound directly into your hearing aids and fully enjoy your favorite show, news program or movie.", "price": "159.99", "image": "images/signia-tv-transmitter-buy-online_1__09035.1517424439_PUFtQkA.jpg", "isAccessory": true}}, {"model": "products.product", "pk": 3, "fields": {"brand": "Starkey SurfLink Microphone 2", "description": "The SurfLink Remote Microphone 2 is designed to seamlessly stream audio from your remote microphone to Starkey 900MHz wireless hearing instruments. The microphone can be worn by someone across the table at a restaurant, or simply set on a table to pick up nearby sounds better.", "price": "220.00", "image": "images/starkey-surflink-microphone2-buy-online__84174.1517374941_EX3LK6z.png", "isAccessory": true}}, {"model": "products.product", "pk": 4, "fields": {"brand": "Starkey SurfLink Mobile 2", "description": "SurfLink Mobile 2 is a hands-free cell phone transmitter, assistive listening device, media streamer, and hearing aid remote all rolled into one.", "price": "469.99", "image": "images/starkey-surflink-mobile2-buy-online__62950.1517375142_6lIBOKa.png", "isAccessory": true}}, {"model": "products.product", "pk": 5, "fields": {"brand": "Widex PHONE-DEX", "description": "PHONE-DEX is a cordless landline telephone that allows the user to stream the call audio directly into the Widex hearing aids.", "price": "279.99", "image": "images/widex-phone-dex_1__37807.1515433518_rdA6vSt.png", "isAccessory": true}}, {"model": "checkout.order", "pk": 1, "fields": {"full_name": "test customer", "phone_number": "0871234567", "postcode": "dublin", "town_or_city": "dublin", "street_address1": "123street", "street_address2": "street2", "county": "dublin", "country": "Ireland", "date": "2019-09-15"}}, {"model": "checkout.order", "pk": 2, "fields": {"full_name": "test customer", "phone_number": "0871234567", "postcode": "dublin", "town_or_city": "dublin", "street_address1": "123street", "street_address2": "street2", "county": "dublin", "country": "Ireland", "date": "2019-09-15"}}, {"model": "checkout.order", "pk": 3, "fields": {"full_name": "test customer", "phone_number": "0871234567", "postcode": "dublin", "town_or_city": "dublin", "street_address1": "123street", "street_address2": "street2", "county": "dublin", "country": "Ireland", "date": "2019-09-15"}}, {"model": "checkout.order", "pk": 4, "fields": {"full_name": "test customer", "phone_number": "0871234567", "postcode": "dublin", "town_or_city": "dublin", "street_address1": "123street", "street_address2": "street2", "county": "dublin", "country": "Ireland", "date": "2019-09-15"}}, {"model": "checkout.order", "pk": 5, "fields": {"full_name": "Admin1", "phone_number": "0861234567", "postcode": "co dublin", "town_or_city": "dublin", "street_address1": "street", "street_address2": "street2", "county": "dublin", "country": "Ireland", "date": "2019-09-15"}}, {"model": "checkout.order", "pk": 6, "fields": {"full_name": "Admin1", "phone_number": "861234567", "postcode": "co dublin", "town_or_city": "dublin", "street_address1": "street", "street_address2": "street2", "county": "dublin", "country": "Ireland", "date": "2019-09-15"}}, {"model": "checkout.order", "pk": 7, "fields": {"full_name": "test customer", "phone_number": "0851234567", "postcode": "dublin", "town_or_city": "dublin", "street_address1": "street", "street_address2": "street2", "county": "dublin", "country": "Ireland", "date": "2019-09-15"}}, {"model": "checkout.order", "pk": 8, "fields": {"full_name": "test customer", "phone_number": "851234567", "postcode": "dublin", "town_or_city": "dublin", "street_address1": "street", "street_address2": "street2", "county": "dublin", "country": "Ireland", "date": "2019-09-15"}}, {"model": "checkout.order", "pk": 9, "fields": {"full_name": "e", "phone_number": "123456789", "postcode": "co dublin", "town_or_city": "dublin", "street_address1": "street", "street_address2": "street2", "county": "dublin", "country": "Ireland", "date": "2019-09-15"}}, {"model": "checkout.order", "pk": 10, "fields": {"full_name": "myAid", "phone_number": "0871234567", "postcode": "dublin", "town_or_city": "dublin", "street_address1": "street1", "street_address2": "street2", "county": "dublin", "country": "ireland", "date": "2019-09-17"}}, {"model": "checkout.order", "pk": 11, "fields": {"full_name": "myaid", "phone_number": "0861234567", "postcode": "dublin", "town_or_city": "dublin", "street_address1": "street1", "street_address2": "street2", "county": "dublin", "country": "ireland", "date": "2019-09-18"}}, {"model": "checkout.order", "pk": 12, "fields": {"full_name": "myaid", "phone_number": "0861234567", "postcode": "dublin", "town_or_city": "dublin", "street_address1": "street1", "street_address2": "street2", "county": "dublin", "country": "ireland", "date": "2019-09-18"}}, {"model": "checkout.order", "pk": 13, "fields": {"full_name": "myaid", "phone_number": "861234567", "postcode": "dublin", "town_or_city": "dublin", "street_address1": "street1", "street_address2": "street2", "county": "dublin", "country": "Ireland", "date": "2019-09-18"}}, {"model": "checkout.order", "pk": 14, "fields": {"full_name": "myaid", "phone_number": "861234567", "postcode": "dublin", "town_or_city": "dublin", "street_address1": "street1", "street_address2": "street2", "county": "dublin", "country": "Ireland", "date": "2019-09-18"}}, {"model": "checkout.order", "pk": 15, "fields": {"full_name": "testing", "phone_number": "0861234567", "postcode": "test", "town_or_city": "test", "street_address1": "test", "street_address2": "test", "county": "test", "country": "test", "date": "2019-09-20"}}, {"model": "checkout.order", "pk": 16, "fields": {"full_name": "testing", "phone_number": "0861234567", "postcode": "test", "town_or_city": "test", "street_address1": "test", "street_address2": "test", "county": "test", "country": "test", "date": "2019-09-20"}}, {"model": "checkout.order", "pk": 17, "fields": {"full_name": "testing", "phone_number": "0861234567", "postcode": "test", "town_or_city": "test", "street_address1": "test", "street_address2": "test", "county": "test", "country": "test", "date": "2019-09-20"}}, {"model": "checkout.order", "pk": 18, "fields": {"full_name": "test", "phone_number": "test", "postcode": "test", "town_or_city": "test", "street_address1": "test", "street_address2": "test", "county": "test", "country": "test", "date": "2019-09-20"}}, {"model": "checkout.order", "pk": 19, "fields": {"full_name": "test", "phone_number": "test", "postcode": "test", "town_or_city": "test", "street_address1": "test", "street_address2": "test", "county": "test", "country": "test", "date": "2019-09-20"}}, {"model": "checkout.orderlineitem", "pk": 1, "fields": {"order": 1, "product": 1, "quantity": 2}}, {"model": "checkout.orderlineitem", "pk": 2, "fields": {"order": 2, "product": 1, "quantity": 2}}, {"model": "checkout.orderlineitem", "pk": 3, "fields": {"order": 3, "product": 1, "quantity": 2}}, {"model": "checkout.orderlineitem", "pk": 4, "fields": {"order": 4, "product": 1, "quantity": 2}}, {"model": "checkout.orderlineitem", "pk": 5, "fields": {"order": 5, "product": 1, "quantity": 1}}, {"model": "checkout.orderlineitem", "pk": 6, "fields": {"order": 6, "product": 1, "quantity": 1}}, {"model": "checkout.orderlineitem", "pk": 7, "fields": {"order": 7, "product": 2, "quantity": 2}}, {"model": "checkout.orderlineitem", "pk": 8, "fields": {"order": 8, "product": 3, "quantity": 2}}, {"model": "checkout.orderlineitem", "pk": 9, "fields": {"order": 9, "product": 5, "quantity": 1}}, {"model": "checkout.orderlineitem", "pk": 10, "fields": {"order": 10, "product": 8, "quantity": 1}}, {"model": "checkout.orderlineitem", "pk": 11, "fields": {"order": 11, "product": 2, "quantity": 1}}, {"model": "checkout.orderlineitem", "pk": 12, "fields": {"order": 12, "product": 2, "quantity": 1}}, {"model": "checkout.orderlineitem", "pk": 13, "fields": {"order": 13, "product": 3, "quantity": 1}}, {"model": "checkout.orderlineitem", "pk": 14, "fields": {"order": 14, "product": 2, "quantity": 1}}, {"model": "checkout.orderlineitem", "pk": 15, "fields": {"order": 14, "product": 3, "quantity": 1}}, {"model": "checkout.orderlineitem", "pk": 16, "fields": {"order": 14, "product": 4, "quantity": 1}}, {"model": "checkout.orderlineitem", "pk": 17, "fields": {"order": 14, "product": 1, "quantity": 1}}, {"model": "checkout.orderlineitem", "pk": 18, "fields": {"order": 18, "product": 3, "quantity": 2}}, {"model": "checkout.orderlineitem", "pk": 19, "fields": {"order": 19, "product": 2, "quantity": 1}}, {"model": "accessories.accessories", "pk": 1, "fields": {"name": "Signia easyTek\u2122", "description": "The Signia easyTek essentially transforms your hearing aids into a stereo headset, allowing you to stream television, music and telephone calls into you hearing aid system. In addition, the easyTek give the user easy access to changing volume, listening programs and an on/off switch.", "price": "160.00", "image": "images/signia-easytek-buy-online_1__64477.1517374474.png", "isAccessory": true}}, {"model": "accessories.accessories", "pk": 2, "fields": {"name": "Signia TV Transmitter", "description": "The TV Transmitter* connects televisions without Bluetooth functionality to the Signia (formerly Siemens) easyTek. This way, you can wirelessly stream sound directly into your hearing aids and fully enjoy your favorite show, news program or movie.", "price": "175.00", "image": "images/signia-tv-transmitter-buy-online_1__09035.1517424439.jpg", "isAccessory": true}}, {"model": "accessories.accessories", "pk": 3, "fields": {"name": "Starkey SurfLink Microphone 2", "description": "The SurfLink Remote Microphone 2 is designed to seamlessly stream audio from your remote microphone to Starkey 900MHz wireless hearing instruments. The microphone can be worn by someone across the table at a restaurant, or simply set on a table to pick up nearby sounds better.", "price": "220.00", "image": "images/starkey-surflink-microphone2-buy-online__84174.1517374941.png", "isAccessory": true}}, {"model": "accessories.accessories", "pk": 4, "fields": {"name": "Starkey SurfLink Mobile 2", "description": "SurfLink Mobile 2 is a hands-free cell phone transmitter, assistive listening device, media streamer, and hearing aid remote all rolled into one.", "price": "480.00", "image": "images/starkey-surflink-mobile2-buy-online__62950.1517375142.png", "isAccessory": true}}, {"model": "accessories.accessories", "pk": 5, "fields": {"name": "Widex PHONE-DEX Accessories!!!", "description": "PHONE-DEX is a cordless landline telephone that allows the user to stream the call audio directly into the Widex hearing aids.", "price": "280.00", "image": "images/widex-phone-dex_1__37807.1515433518.png", "isAccessory": true}}, {"model": "auth.permission", "pk": 1, "fields": {"name": "Can add log entry", "content_type": 1, "codename": "add_logentry"}}, {"model": "auth.permission", "pk": 2, "fields": {"name": "Can change log entry", "content_type": 1, "codename": "change_logentry"}}, {"model": "auth.permission", "pk": 3, "fields": {"name": "Can delete log entry", "content_type": 1, "codename": "delete_logentry"}}, {"model": "auth.permission", "pk": 4, "fields": {"name": "Can add permission", "content_type": 2, "codename": "add_permission"}}, {"model": "auth.permission", "pk": 5, "fields": {"name": "Can change permission", "content_type": 2, "codename": "change_permission"}}, {"model": "auth.permission", "pk": 6, "fields": {"name": "Can delete permission", "content_type": 2, "codename": "delete_permission"}}, {"model": "auth.permission", "pk": 7, "fields": {"name": "Can add group", "content_type": 3, "codename": "add_group"}}, {"model": "auth.permission", "pk": 8, "fields": {"name": "Can change group", "content_type": 3, "codename": "change_group"}}, {"model": "auth.permission", "pk": 9, "fields": {"name": "Can delete group", "content_type": 3, "codename": "delete_group"}}, {"model": "auth.permission", "pk": 10, "fields": {"name": "Can add user", "content_type": 4, "codename": "add_user"}}, {"model": "auth.permission", "pk": 11, "fields": {"name": "Can change user", "content_type": 4, "codename": "change_user"}}, {"model": "auth.permission", "pk": 12, "fields": {"name": "Can delete user", "content_type": 4, "codename": "delete_user"}}, {"model": "auth.permission", "pk": 13, "fields": {"name": "Can add content type", "content_type": 5, "codename": "add_contenttype"}}, {"model": "auth.permission", "pk": 14, "fields": {"name": "Can change content type", "content_type": 5, "codename": "change_contenttype"}}, {"model": "auth.permission", "pk": 15, "fields": {"name": "Can delete content type", "content_type": 5, "codename": "delete_contenttype"}}, {"model": "auth.permission", "pk": 16, "fields": {"name": "Can add session", "content_type": 6, "codename": "add_session"}}, {"model": "auth.permission", "pk": 17, "fields": {"name": "Can change session", "content_type": 6, "codename": "change_session"}}, {"model": "auth.permission", "pk": 18, "fields": {"name": "Can delete session", "content_type": 6, "codename": "delete_session"}}, {"model": "auth.permission", "pk": 19, "fields": {"name": "Can add hearing_aid", "content_type": 7, "codename": "add_hearing_aid"}}, {"model": "auth.permission", "pk": 20, "fields": {"name": "Can change hearing_aid", "content_type": 7, "codename": "change_hearing_aid"}}, {"model": "auth.permission", "pk": 21, "fields": {"name": "Can delete hearing_aid", "content_type": 7, "codename": "delete_hearing_aid"}}, {"model": "auth.permission", "pk": 22, "fields": {"name": "Can add aid", "content_type": 7, "codename": "add_aid"}}, {"model": "auth.permission", "pk": 23, "fields": {"name": "Can change aid", "content_type": 7, "codename": "change_aid"}}, {"model": "auth.permission", "pk": 24, "fields": {"name": "Can delete aid", "content_type": 7, "codename": "delete_aid"}}, {"model": "auth.permission", "pk": 25, "fields": {"name": "Can add order", "content_type": 8, "codename": "add_order"}}, {"model": "auth.permission", "pk": 26, "fields": {"name": "Can change order", "content_type": 8, "codename": "change_order"}}, {"model": "auth.permission", "pk": 27, "fields": {"name": "Can delete order", "content_type": 8, "codename": "delete_order"}}, {"model": "auth.permission", "pk": 28, "fields": {"name": "Can add order line item", "content_type": 9, "codename": "add_orderlineitem"}}, {"model": "auth.permission", "pk": 29, "fields": {"name": "Can change order line item", "content_type": 9, "codename": "change_orderlineitem"}}, {"model": "auth.permission", "pk": 30, "fields": {"name": "Can delete order line item", "content_type": 9, "codename": "delete_orderlineitem"}}, {"model": "auth.permission", "pk": 31, "fields": {"name": "Can add contact", "content_type": 10, "codename": "add_contact"}}, {"model": "auth.permission", "pk": 32, "fields": {"name": "Can change contact", "content_type": 10, "codename": "change_contact"}}, {"model": "auth.permission", "pk": 33, "fields": {"name": "Can delete contact", "content_type": 10, "codename": "delete_contact"}}, {"model": "auth.permission", "pk": 34, "fields": {"name": "Can add contact us", "content_type": 10, "codename": "add_contactus"}}, {"model": "auth.permission", "pk": 35, "fields": {"name": "Can change contact us", "content_type": 10, "codename": "change_contactus"}}, {"model": "auth.permission", "pk": 36, "fields": {"name": "Can delete contact us", "content_type": 10, "codename": "delete_contactus"}}, {"model": "auth.permission", "pk": 37, "fields": {"name": "Can add accessories", "content_type": 11, "codename": "add_accessories"}}, {"model": "auth.permission", "pk": 38, "fields": {"name": "Can change accessories", "content_type": 11, "codename": "change_accessories"}}, {"model": "auth.permission", "pk": 39, "fields": {"name": "Can delete accessories", "content_type": 11, "codename": "delete_accessories"}}, {"model": "auth.permission", "pk": 40, "fields": {"name": "Can add accessories", "content_type": 12, "codename": "add_accessories"}}, {"model": "auth.permission", "pk": 41, "fields": {"name": "Can change accessories", "content_type": 12, "codename": "change_accessories"}}, {"model": "auth.permission", "pk": 42, "fields": {"name": "Can delete accessories", "content_type": 12, "codename": "delete_accessories"}}, {"model": "auth.permission", "pk": 43, "fields": {"name": "Can add products", "content_type": 13, "codename": "add_products"}}, {"model": "auth.permission", "pk": 44, "fields": {"name": "Can change products", "content_type": 13, "codename": "change_products"}}, {"model": "auth.permission", "pk": 45, "fields": {"name": "Can delete products", "content_type": 13, "codename": "delete_products"}}, {"model": "auth.permission", "pk": 46, "fields": {"name": "Can add product", "content_type": 13, "codename": "add_product"}}, {"model": "auth.permission", "pk": 47, "fields": {"name": "Can change product", "content_type": 13, "codename": "change_product"}}, {"model": "auth.permission", "pk": 48, "fields": {"name": "Can delete product", "content_type": 13, "codename": "delete_product"}}, {"model": "auth.user", "pk": 2, "fields": {"password": "pbkdf2_sha256$36000$adAtd8ZiJFnV$KdlETjUuCMqSix+De0eFSqB7WyixqkIMdOR4mHDw1vA=", "last_login": "2019-09-10T00:09:53.081Z", "is_superuser": false, "username": "bren2", "first_name": "", "last_name": "", "email": "bren@sample.com", "is_staff": false, "is_active": true, "date_joined": "2019-09-10T00:09:52.919Z", "groups": [], "user_permissions": []}}, {"model": "auth.user", "pk": 3, "fields": {"password": "pbkdf2_sha256$36000$rjh0IhMcb7qM$qI0gMudkx22v2FsgguUA0x23MBeFJmAD6Nuc0cAwiAQ=", "last_login": "2019-09-10T00:43:41.798Z", "is_superuser": false, "username": "bren3", "first_name": "", "last_name": "", "email": "bren@example.com", "is_staff": false, "is_active": true, "date_joined": "2019-09-10T00:43:41.654Z", "groups": [], "user_permissions": []}}, {"model": "auth.user", "pk": 4, "fields": {"password": "pbkdf2_sha256$36000$wQD7Hchanno6$oHWxTIycBQmzPQH2vBetF7sPaeEs0flsAozyoLkNNwk=", "last_login": "2019-09-12T20:42:46.898Z", "is_superuser": false, "username": "bren4", "first_name": "", "last_name": "", "email": "brenande@gmail.com", "is_staff": false, "is_active": true, "date_joined": "2019-09-10T21:17:28.664Z", "groups": [], "user_permissions": []}}, {"model": "auth.user", "pk": 5, "fields": {"password": "pbkdf2_sha256$36000$u26xkpezYJQi$soo1E6PiXvJATaeh9HaxyH5SHWYlY4pQTcATbdaQ5QM=", "last_login": "2019-09-10T22:18:11.136Z", "is_superuser": false, "username": "bren5", "first_name": "", "last_name": "", "email": "bren5@sample.com", "is_staff": false, "is_active": true, "date_joined": "2019-09-10T22:17:28.570Z", "groups": [], "user_permissions": []}}, {"model": "auth.user", "pk": 6, "fields": {"password": "pbkdf2_sha256$36000$fInTT01G7rnu$p+XbQINKyVubR27oAQUp8bmrOrgxblzoPSengn/VctU=", "last_login": "2019-09-23T19:22:15.662Z", "is_superuser": true, "username": "admin1", "first_name": "", "last_name": "", "email": "admin@example.com", "is_staff": true, "is_active": true, "date_joined": "2019-09-10T22:22:32.042Z", "groups": [], "user_permissions": []}}, {"model": "auth.user", "pk": 7, "fields": {"password": "pbkdf2_sha256$36000$p3Q7tqps9FJS$+IGxyrmsCP+ap1RheC0xgsEb2ZfKJvz2ZC8grmSx1Cc=", "last_login": "2019-09-11T19:46:54.421Z", "is_superuser": false, "username": "ericabonnie", "first_name": "", "last_name": "", "email": "ericabonnie@gmail.com", "is_staff": false, "is_active": true, "date_joined": "2019-09-11T19:46:54.112Z", "groups": [], "user_permissions": []}}, {"model": "auth.user", "pk": 8, "fields": {"password": "pbkdf2_sha256$36000$sGG0ZRIVDiNv$tq5cFp+tO4+M6zKq2VJuNVNCaoEZxw2n5qdXZKJEI1I=", "last_login": "2019-09-12T19:39:52.240Z", "is_superuser": false, "username": "test", "first_name": "", "last_name": "", "email": "test@test.com", "is_staff": false, "is_active": true, "date_joined": "2019-09-12T19:37:52.754Z", "groups": [], "user_permissions": []}}, {"model": "auth.user", "pk": 9, "fields": {"password": "pbkdf2_sha256$36000$YldonZgZfw9Z$qXDkWaskqlmGRhcjojXMoDojt+MdBvhNpJzPY/k++0Y=", "last_login": "2019-09-14T22:51:56.688Z", "is_superuser": false, "username": "aidtest", "first_name": "", "last_name": "", "email": "aid@test.com", "is_staff": false, "is_active": true, "date_joined": "2019-09-14T22:51:56.530Z", "groups": [], "user_permissions": []}}, {"model": "auth.user", "pk": 10, "fields": {"password": "pbkdf2_sha256$36000$hsldkHXzGC5r$jUh8jVfTBGCvRgxdAWoSHFzE/+ZapBPYscoe2c/G8Gk=", "last_login": "2019-09-15T17:26:17.008Z", "is_superuser": false, "username": "ericabonnie1", "first_name": "", "last_name": "", "email": "ericabonnie@hotmail.com", "is_staff": false, "is_active": true, "date_joined": "2019-09-15T17:26:16.828Z", "groups": [], "user_permissions": []}}, {"model": "auth.user", "pk": 11, "fields": {"password": "pbkdf2_sha256$36000$ZdBtqQ3LG0dQ$xDOWMkE1WqqWwpeCn7dEaCUgyAqL7zfbxfxXnL8Smio=", "last_login": "2019-09-20T20:20:46.247Z", "is_superuser": false, "username": "testing", "first_name": "", "last_name": "", "email": "testing1t@test.com", "is_staff": false, "is_active": true, "date_joined": "2019-09-20T20:19:19.822Z", "groups": [], "user_permissions": []}}, {"model": "admin.logentry", "pk": 1, "fields": {"action_time": "2019-09-10T22:25:40.901Z", "user": 6, "content_type": 4, "object_id": "1", "object_repr": "admin", "action_flag": 3, "change_message": ""}}, {"model": "admin.logentry", "pk": 2, "fields": {"action_time": "2019-09-11T22:41:22.675Z", "user": 6, "content_type": 7, "object_id": "1", "object_repr": "Signia Pure Nx", "action_flag": 1, "change_message": "[{\"added\": {}}]"}}, {"model": "admin.logentry", "pk": 3, "fields": {"action_time": "2019-09-15T00:43:59.315Z", "user": 6, "content_type": 7, "object_id": "2", "object_repr": "Phonak Audeo", "action_flag": 1, "change_message": "[{\"added\": {}}]"}}, {"model": "admin.logentry", "pk": 4, "fields": {"action_time": "2019-09-15T00:46:48.026Z", "user": 6, "content_type": 7, "object_id": "3", "object_repr": "ReSound LiNX 3D", "action_flag": 1, "change_message": "[{\"added\": {}}]"}}, {"model": "admin.logentry", "pk": 5, "fields": {"action_time": "2019-09-15T00:49:01.006Z", "user": 6, "content_type": 7, "object_id": "4", "object_repr": "Signia Silk NX", "action_flag": 1, "change_message": "[{\"added\": {}}]"}}, {"model": "admin.logentry", "pk": 6, "fields": {"action_time": "2019-09-15T00:50:34.517Z", "user": 6, "content_type": 7, "object_id": "5", "object_repr": "Signia Styletto", "action_flag": 1, "change_message": "[{\"added\": {}}]"}}, {"model": "admin.logentry", "pk": 7, "fields": {"action_time": "2019-09-15T00:52:01.367Z", "user": 6, "content_type": 7, "object_id": "6", "object_repr": "Starkey Halo 2", "action_flag": 1, "change_message": "[{\"added\": {}}]"}}, {"model": "admin.logentry", "pk": 8, "fields": {"action_time": "2019-09-15T00:54:29.025Z", "user": 6, "content_type": 7, "object_id": "7", "object_repr": "Unitron Moxi", "action_flag": 1, "change_message": "[{\"added\": {}}]"}}, {"model": "admin.logentry", "pk": 9, "fields": {"action_time": "2019-09-15T00:56:18.916Z", "user": 6, "content_type": 7, "object_id": "8", "object_repr": "Widex Evoke", "action_flag": 1, "change_message": "[{\"added\": {}}]"}}, {"model": "admin.logentry", "pk": 10, "fields": {"action_time": "2019-09-15T00:59:57.862Z", "user": 6, "content_type": 7, "object_id": "7", "object_repr": "Unitron Moxi", "action_flag": 2, "change_message": "[{\"changed\": {\"fields\": [\"description\"]}}]"}}, {"model": "admin.logentry", "pk": 11, "fields": {"action_time": "2019-09-15T01:00:11.710Z", "user": 6, "content_type": 7, "object_id": "2", "object_repr": "Phonak Audeo", "action_flag": 2, "change_message": "[{\"changed\": {\"fields\": [\"description\"]}}]"}}, {"model": "admin.logentry", "pk": 12, "fields": {"action_time": "2019-09-15T01:00:26.504Z", "user": 6, "content_type": 7, "object_id": "1", "object_repr": "Signia Pure Nx", "action_flag": 2, "change_message": "[{\"changed\": {\"fields\": [\"description\"]}}]"}}, {"model": "admin.logentry", "pk": 13, "fields": {"action_time": "2019-09-15T01:00:40.427Z", "user": 6, "content_type": 7, "object_id": "3", "object_repr": "ReSound LiNX 3D", "action_flag": 2, "change_message": "[{\"changed\": {\"fields\": [\"description\"]}}]"}}, {"model": "admin.logentry", "pk": 14, "fields": {"action_time": "2019-09-15T01:00:58.943Z", "user": 6, "content_type": 7, "object_id": "4", "object_repr": "Signia Silk NX", "action_flag": 2, "change_message": "[{\"changed\": {\"fields\": [\"description\"]}}]"}}, {"model": "admin.logentry", "pk": 15, "fields": {"action_time": "2019-09-15T01:01:08.076Z", "user": 6, "content_type": 7, "object_id": "5", "object_repr": "Signia Styletto", "action_flag": 2, "change_message": "[{\"changed\": {\"fields\": [\"description\"]}}]"}}, {"model": "admin.logentry", "pk": 16, "fields": {"action_time": "2019-09-15T01:01:24.883Z", "user": 6, "content_type": 7, "object_id": "6", "object_repr": "Starkey Halo 2", "action_flag": 2, "change_message": "[{\"changed\": {\"fields\": [\"description\"]}}]"}}, {"model": "admin.logentry", "pk": 17, "fields": {"action_time": "2019-09-15T01:02:46.435Z", "user": 6, "content_type": 7, "object_id": "7", "object_repr": "Unitron Moxi", "action_flag": 2, "change_message": "[{\"changed\": {\"fields\": [\"description\"]}}]"}}, {"model": "admin.logentry", "pk": 18, "fields": {"action_time": "2019-09-15T01:04:27.548Z", "user": 6, "content_type": 7, "object_id": "7", "object_repr": "Unitron Moxi", "action_flag": 2, "change_message": "[{\"changed\": {\"fields\": [\"model_type\"]}}]"}}, {"model": "admin.logentry", "pk": 19, "fields": {"action_time": "2019-09-15T01:05:44.925Z", "user": 6, "content_type": 7, "object_id": "7", "object_repr": "Unitron Moxi", "action_flag": 2, "change_message": "[{\"changed\": {\"fields\": [\"description\"]}}]"}}, {"model": "admin.logentry", "pk": 20, "fields": {"action_time": "2019-09-15T01:06:34.747Z", "user": 6, "content_type": 7, "object_id": "8", "object_repr": "Widex Evoke", "action_flag": 2, "change_message": "[{\"changed\": {\"fields\": [\"model_type\"]}}]"}}, {"model": "admin.logentry", "pk": 21, "fields": {"action_time": "2019-09-15T01:06:39.374Z", "user": 6, "content_type": 7, "object_id": "7", "object_repr": "Unitron Moxi", "action_flag": 2, "change_message": "[]"}}, {"model": "admin.logentry", "pk": 22, "fields": {"action_time": "2019-09-15T01:06:46.627Z", "user": 6, "content_type": 7, "object_id": "6", "object_repr": "Starkey Halo 2", "action_flag": 2, "change_message": "[{\"changed\": {\"fields\": [\"model_type\"]}}]"}}, {"model": "admin.logentry", "pk": 23, "fields": {"action_time": "2019-09-15T01:06:53.794Z", "user": 6, "content_type": 7, "object_id": "5", "object_repr": "Signia Styletto", "action_flag": 2, "change_message": "[{\"changed\": {\"fields\": [\"model_type\"]}}]"}}, {"model": "admin.logentry", "pk": 24, "fields": {"action_time": "2019-09-15T01:07:02.708Z", "user": 6, "content_type": 7, "object_id": "4", "object_repr": "Signia Silk NX", "action_flag": 2, "change_message": "[{\"changed\": {\"fields\": [\"model_type\"]}}]"}}, {"model": "admin.logentry", "pk": 25, "fields": {"action_time": "2019-09-15T01:07:07.923Z", "user": 6, "content_type": 7, "object_id": "3", "object_repr": "ReSound LiNX 3D", "action_flag": 2, "change_message": "[]"}}, {"model": "admin.logentry", "pk": 26, "fields": {"action_time": "2019-09-15T01:07:11.850Z", "user": 6, "content_type": 7, "object_id": "3", "object_repr": "ReSound LiNX 3D", "action_flag": 2, "change_message": "[]"}}, {"model": "admin.logentry", "pk": 27, "fields": {"action_time": "2019-09-15T01:07:18.998Z", "user": 6, "content_type": 7, "object_id": "2", "object_repr": "Phonak Audeo", "action_flag": 2, "change_message": "[]"}}, {"model": "admin.logentry", "pk": 28, "fields": {"action_time": "2019-09-15T01:07:46.628Z", "user": 6, "content_type": 7, "object_id": "1", "object_repr": "Signia Pure Nx", "action_flag": 2, "change_message": "[{\"changed\": {\"fields\": [\"price\"]}}]"}}, {"model": "admin.logentry", "pk": 29, "fields": {"action_time": "2019-09-15T01:09:56.383Z", "user": 6, "content_type": 7, "object_id": "7", "object_repr": "Unitron Moxi", "action_flag": 2, "change_message": "[{\"changed\": {\"fields\": [\"description\"]}}]"}}, {"model": "admin.logentry", "pk": 30, "fields": {"action_time": "2019-09-15T01:10:56.996Z", "user": 6, "content_type": 7, "object_id": "7", "object_repr": "Unitron Moxi", "action_flag": 2, "change_message": "[{\"changed\": {\"fields\": [\"description\"]}}]"}}, {"model": "admin.logentry", "pk": 31, "fields": {"action_time": "2019-09-16T00:47:34.904Z", "user": 6, "content_type": 7, "object_id": "2", "object_repr": "Phonak Audeo", "action_flag": 2, "change_message": "[{\"changed\": {\"fields\": [\"description\"]}}]"}}, {"model": "admin.logentry", "pk": 32, "fields": {"action_time": "2019-09-16T00:48:45.855Z", "user": 6, "content_type": 7, "object_id": "2", "object_repr": "Phonak Audeo", "action_flag": 2, "change_message": "[{\"changed\": {\"fields\": [\"description\"]}}]"}}, {"model": "admin.logentry", "pk": 33, "fields": {"action_time": "2019-09-17T15:56:12.556Z", "user": 6, "content_type": 12, "object_id": "1", "object_repr": "Signia easyTek\u2122", "action_flag": 1, "change_message": "[{\"added\": {}}]"}}, {"model": "admin.logentry", "pk": 34, "fields": {"action_time": "2019-09-17T23:45:35.806Z", "user": 6, "content_type": 12, "object_id": "2", "object_repr": "Signia TV Transmitter", "action_flag": 1, "change_message": "[{\"added\": {}}]"}}, {"model": "admin.logentry", "pk": 35, "fields": {"action_time": "2019-09-17T23:46:58.494Z", "user": 6, "content_type": 12, "object_id": "3", "object_repr": "Starkey SurfLink Microphone 2", "action_flag": 1, "change_message": "[{\"added\": {}}]"}}, {"model": "admin.logentry", "pk": 36, "fields": {"action_time": "2019-09-17T23:48:47.742Z", "user": 6, "content_type": 12, "object_id": "4", "object_repr": "Starkey SurfLink Mobile 2", "action_flag": 1, "change_message": "[{\"added\": {}}]"}}, {"model": "admin.logentry", "pk": 37, "fields": {"action_time": "2019-09-17T23:49:43.721Z", "user": 6, "content_type": 12, "object_id": "5", "object_repr": "Widex PHONE-DEX", "action_flag": 1, "change_message": "[{\"added\": {}}]"}}, {"model": "admin.logentry", "pk": 38, "fields": {"action_time": "2019-09-18T21:19:55.198Z", "user": 6, "content_type": 12, "object_id": "3", "object_repr": "Starkey SurfLink Microphone 2", "action_flag": 2, "change_message": "[{\"changed\": {\"fields\": [\"description\"]}}]"}}, {"model": "admin.logentry", "pk": 39, "fields": {"action_time": "2019-09-18T21:21:03.604Z", "user": 6, "content_type": 12, "object_id": "3", "object_repr": "Starkey SurfLink Microphone 2", "action_flag": 2, "change_message": "[{\"changed\": {\"fields\": [\"description\"]}}]"}}, {"model": "admin.logentry", "pk": 40, "fields": {"action_time": "2019-09-18T21:22:01.004Z", "user": 6, "content_type": 12, "object_id": "5", "object_repr": "Widex PHONE-DEX", "action_flag": 2, "change_message": "[{\"changed\": {\"fields\": [\"description\"]}}]"}}, {"model": "admin.logentry", "pk": 41, "fields": {"action_time": "2019-09-19T22:18:19.585Z", "user": 6, "content_type": 13, "object_id": "1", "object_repr": "Signia easyTek\u2122", "action_flag": 1, "change_message": "[{\"added\": {}}]"}}, {"model": "admin.logentry", "pk": 42, "fields": {"action_time": "2019-09-19T22:18:54.991Z", "user": 6, "content_type": 13, "object_id": "1", "object_repr": "Signia easyTek\u2122", "action_flag": 2, "change_message": "[]"}}, {"model": "admin.logentry", "pk": 43, "fields": {"action_time": "2019-09-19T22:22:41.338Z", "user": 6, "content_type": 13, "object_id": "2", "object_repr": "Signia TV Transmitter", "action_flag": 1, "change_message": "[{\"added\": {}}]"}}, {"model": "admin.logentry", "pk": 44, "fields": {"action_time": "2019-09-19T22:26:29.138Z", "user": 6, "content_type": 13, "object_id": "3", "object_repr": "Starkey SurfLink Microphone 2", "action_flag": 1, "change_message": "[{\"added\": {}}]"}}, {"model": "admin.logentry", "pk": 45, "fields": {"action_time": "2019-09-19T22:30:42.769Z", "user": 6, "content_type": 13, "object_id": "4", "object_repr": "Starkey SurfLink Mobile 2", "action_flag": 1, "change_message": "[{\"added\": {}}]"}}, {"model": "admin.logentry", "pk": 46, "fields": {"action_time": "2019-09-19T22:32:09.701Z", "user": 6, "content_type": 13, "object_id": "5", "object_repr": "Widex PHONE-DEX", "action_flag": 1, "change_message": "[{\"added\": {}}]"}}, {"model": "admin.logentry", "pk": 47, "fields": {"action_time": "2019-09-20T00:03:14.307Z", "user": 6, "content_type": 13, "object_id": "5", "object_repr": "Widex PHONE-DEX", "action_flag": 2, "change_message": "[{\"changed\": {\"fields\": [\"isAccessory\"]}}]"}}, {"model": "admin.logentry", "pk": 48, "fields": {"action_time": "2019-09-20T00:03:31.819Z", "user": 6, "content_type": 13, "object_id": "4", "object_repr": "Starkey SurfLink Mobile 2", "action_flag": 2, "change_message": "[{\"changed\": {\"fields\": [\"isAccessory\"]}}]"}}, {"model": "admin.logentry", "pk": 49, "fields": {"action_time": "2019-09-20T00:03:35.824Z", "user": 6, "content_type": 13, "object_id": "3", "object_repr": "Starkey SurfLink Microphone 2", "action_flag": 2, "change_message": "[{\"changed\": {\"fields\": [\"isAccessory\"]}}]"}}, {"model": "admin.logentry", "pk": 50, "fields": {"action_time": "2019-09-20T00:03:42.783Z", "user": 6, "content_type": 13, "object_id": "2", "object_repr": "Signia TV Transmitter", "action_flag": 2, "change_message": "[]"}}, {"model": "admin.logentry", "pk": 51, "fields": {"action_time": "2019-09-20T00:03:46.462Z", "user": 6, "content_type": 13, "object_id": "1", "object_repr": "Signia easyTek\u2122", "action_flag": 2, "change_message": "[{\"changed\": {\"fields\": [\"isAccessory\"]}}]"}}, {"model": "admin.logentry", "pk": 52, "fields": {"action_time": "2019-09-20T00:19:56.363Z", "user": 6, "content_type": 13, "object_id": "5", "object_repr": "Widex PHONE-DEX", "action_flag": 2, "change_message": "[{\"changed\": {\"fields\": [\"isAccessory\"]}}]"}}, {"model": "admin.logentry", "pk": 53, "fields": {"action_time": "2019-09-20T00:20:06.698Z", "user": 6, "content_type": 13, "object_id": "5", "object_repr": "Widex PHONE-DEX", "action_flag": 2, "change_message": "[]"}}, {"model": "admin.logentry", "pk": 54, "fields": {"action_time": "2019-09-20T00:21:00.653Z", "user": 6, "content_type": 13, "object_id": "4", "object_repr": "Starkey SurfLink Mobile 2", "action_flag": 2, "change_message": "[{\"changed\": {\"fields\": [\"isAccessory\"]}}]"}}, {"model": "admin.logentry", "pk": 55, "fields": {"action_time": "2019-09-20T00:21:05.448Z", "user": 6, "content_type": 13, "object_id": "3", "object_repr": "Starkey SurfLink Microphone 2", "action_flag": 2, "change_message": "[{\"changed\": {\"fields\": [\"isAccessory\"]}}]"}}, {"model": "admin.logentry", "pk": 56, "fields": {"action_time": "2019-09-20T00:21:08.914Z", "user": 6, "content_type": 13, "object_id": "2", "object_repr": "Signia TV Transmitter", "action_flag": 2, "change_message": "[]"}}, {"model": "admin.logentry", "pk": 57, "fields": {"action_time": "2019-09-20T00:21:13.249Z", "user": 6, "content_type": 13, "object_id": "1", "object_repr": "Signia easyTek\u2122", "action_flag": 2, "change_message": "[{\"changed\": {\"fields\": [\"isAccessory\"]}}]"}}, {"model": "admin.logentry", "pk": 58, "fields": {"action_time": "2019-09-20T19:34:27.503Z", "user": 6, "content_type": 12, "object_id": "5", "object_repr": "Widex PHONE-DEX", "action_flag": 2, "change_message": "[{\"changed\": {\"fields\": [\"isAccessory\"]}}]"}}, {"model": "admin.logentry", "pk": 59, "fields": {"action_time": "2019-09-20T19:34:32.429Z", "user": 6, "content_type": 12, "object_id": "4", "object_repr": "Starkey SurfLink Mobile 2", "action_flag": 2, "change_message": "[{\"changed\": {\"fields\": [\"isAccessory\"]}}]"}}, {"model": "admin.logentry", "pk": 60, "fields": {"action_time": "2019-09-20T19:34:37.536Z", "user": 6, "content_type": 12, "object_id": "3", "object_repr": "Starkey SurfLink Microphone 2", "action_flag": 2, "change_message": "[{\"changed\": {\"fields\": [\"isAccessory\"]}}]"}}, {"model": "admin.logentry", "pk": 61, "fields": {"action_time": "2019-09-20T19:34:41.326Z", "user": 6, "content_type": 12, "object_id": "2", "object_repr": "Signia TV Transmitter", "action_flag": 2, "change_message": "[{\"changed\": {\"fields\": [\"isAccessory\"]}}]"}}, {"model": "admin.logentry", "pk": 62, "fields": {"action_time": "2019-09-20T19:34:44.685Z", "user": 6, "content_type": 12, "object_id": "1", "object_repr": "Signia easyTek\u2122", "action_flag": 2, "change_message": "[{\"changed\": {\"fields\": [\"isAccessory\"]}}]"}}, {"model": "admin.logentry", "pk": 63, "fields": {"action_time": "2019-09-23T19:37:29.274Z", "user": 6, "content_type": 12, "object_id": "5", "object_repr": "Widex PHONE-DEX Accessories!!!", "action_flag": 2, "change_message": "[{\"changed\": {\"fields\": [\"name\"]}}]"}}]